<?xml version='1.0' encoding='utf-8' standalone='yes' ?>
<map>
    <string name="preInstallName">vivootapreload_int</string>
    <long name="prev_session_dur" value="4" />
    <long name="af_rc_max_age" value="86400" />
    <boolean name="ddl_sent" value="true" />
    <string name="sentSuccessfully">true</string>
    <string name="af_remote_config">eyJmZWF0dXJlcyI6e30sInZlciI6ImRlZmF1bHQudjEuMTYzNzE0OTUyOSJ9</string>
    <int name="versionCode" value="20398" />
    <string name="savedProperties">{&quot;uid&quot;:&quot;1758550663441-6838792942671181479&quot;,&quot;preInstallName&quot;:&quot;vivootapreload_int&quot;,&quot;logLevel&quot;:&quot;0&quot;,&quot;advertiserId&quot;:&quot;c49f1757-5b33-46a3-b1c7-21d04fc99999&quot;,&quot;advertiserIdEnabled&quot;:&quot;true&quot;}</string>
    <string name="AF_INSTALLATION">1758550663441-6838792942671181479</string>
    <boolean name="afUninstallToken_queued" value="false" />
    <int name="appsFlyerCount" value="4" />
    <long name="af_rc_timestamp" value="1762453491992" />
    <long name="AppsFlyerTimePassedSincePrevLaunch" value="1762453495079" />
    <boolean name="newGPReferrerSent" value="true" />
    <string name="appsFlyerFirstInstall">2025-09-22_141743+0000</string>
    <string name="attributionId">{&quot;install_time&quot;:&quot;2025-09-22 14:17:44.766&quot;,&quot;af_message&quot;:&quot;organic install&quot;,&quot;af_status&quot;:&quot;Organic&quot;,&quot;is_first_launch&quot;:false}</string>
</map>
