<?xml version='1.0' encoding='utf-8' standalone='yes' ?>
<map>
    <string name="gcd">{&quot;net&quot;:2975,&quot;retries&quot;:0}</string>
    <long name="prev_session_dur" value="23" />
    <boolean name="ddl_sent" value="true" />
    <string name="ddl">{&quot;from_fg&quot;:29,&quot;net&quot;:[475],&quot;rfr_wait&quot;:2,&quot;status&quot;:&quot;NOT_FOUND&quot;,&quot;timeout_value&quot;:3000}</string>
    <int name="versionCode" value="20013" />
    <long name="init_ts" value="1762860688943" />
    <long name="fg_ts" value="1762860707655" />
    <string name="savedProperties">{&quot;uid&quot;:&quot;1762860707662-7365400025337049186&quot;,&quot;shouldLog&quot;:&quot;false&quot;,&quot;logLevel&quot;:&quot;0&quot;,&quot;referrer_timestamp&quot;:&quot;1762860689547&quot;,&quot;AppsFlyerKey&quot;:&quot;3TV78onneSTLeEX8p8B4y8&quot;,&quot;advertiserId&quot;:&quot;c49f1757-5b33-46a3-b1c7-21d04fc99999&quot;,&quot;advertiserIdEnabled&quot;:&quot;true&quot;}</string>
    <string name="AF_INSTALLATION">1762860707662-7365400025337049186</string>
    <int name="appsFlyerCount" value="1" />
    <long name="AppsFlyerTimePassedSincePrevLaunch" value="1762860708231" />
    <boolean name="newGPReferrerSent" value="true" />
    <string name="first_launch">{&quot;init_to_fg&quot;:18712,&quot;from_fg&quot;:984,&quot;net&quot;:952}</string>
    <string name="appsFlyerFirstInstall">2025-11-11_113148+0000</string>
    <string name="attributionId">{&quot;af_status&quot;:&quot;Organic&quot;,&quot;af_message&quot;:&quot;organic install&quot;,&quot;is_first_launch&quot;:false}</string>
</map>
