<?xml version='1.0' encoding='utf-8' standalone='yes' ?>
<map>
    <long name="DownloadDisplayMessageMillis" value="1761067393446" />
    <boolean name="firstAppStartWithUser" value="false" />
    <boolean name="shouldDownloadToSDCard" value="false" />
    <long name="LastLicenseMarkSyncMillis" value="1762381818559" />
    <boolean name="firstAppStartWithoutUser" value="false" />
    <long name="SyncPlayerSdkDownloadMillis" value="1762381819034" />
    <long name="RetryDisabledDownloadSyncMillis" value="1761067393446" />
    <int name="com.Teamx.appcloner.classes.originalInstallVersionCode" value="300000000" />
    <long name="SyncPlayerSdkErrorStateMillis" value="1761067393446" />
    <long name="com.Teamx.appcloner.classes.cloneTimestamp" value="1758506373071" />
    <boolean name="shouldSubscribeToAllTopics" value="false" />
    <long name="LastLicenseSyncMillis" value="1761067393446" />
    <boolean name="bg_startup_tracing" value="false" />
    <long name="RefreshMetadataSyncTTLMillis" value="1762972219033" />
    <long name="QueueDownloadSyncMills" value="1761067393446" />
    <long name="com.amazon.communication.remotesetting.pref.LAST_SUCCESSFUL_SYNC" value="1761067349983" />
    <string name="PN_customer_vcr">TH</string>
    <long name="DeleteDownloadSyncMillis" value="1761067393446" />
    <string name="PN_subscription_prefs">[{&quot;topic&quot;:&quot;AIV_video_in_library&quot;,&quot;isSubscribed&quot;:false},{&quot;topic&quot;:&quot;AIV_video_recommendations&quot;,&quot;isSubscribed&quot;:false},{&quot;topic&quot;:&quot;AIV_new_feature&quot;,&quot;isSubscribed&quot;:false},{&quot;topic&quot;:&quot;AIV_offer&quot;,&quot;isSubscribed&quot;:false}]</string>
    <long name="LastLicenseRepairMillis" value="1761067393446" />
    <long name="DisabledDownloadSyncMillis" value="1761067393446" />
    <long name="com.amazon.communication.remotesetting.pref.LAST_SYNC_ATTEMPT" value="1761067349983" />
    <string name="PN_customer_id">amzn1.account.AE7UNV3ZIHOWUQRG5EPVJ5E6WGQQ</string>
    <long name="LastImagesDownloadSyncMillis" value="1762381819033" />
</map>
