<?xml version='1.0' encoding='utf-8' standalone='yes' ?>
<map>
    <long name="first_open_time" value="1762671157863" />
    <string name="gmp_app_id">1:732565920259:android:f6e58ab0ed20c3cd</string>
    <string name="app_instance_id">a2a29cf83c4c371992c678b0cf4772b0</string>
    <long name="session_id" value="1762671158" />
    <boolean name="app_backgrounded" value="true" />
    <long name="health_monitor:start" value="1762671158369" />
    <boolean name="use_service" value="true" />
    <boolean name="deferred_analytics_collection" value="false" />
    <string name="previous_os_version">15</string>
    <boolean name="has_been_opened" value="true" />
    <boolean name="allow_remote_dynamite" value="true" />
    <long name="last_pause_time" value="1762671348633" />
    <boolean name="start_new_session" value="false" />
</map>
