<?xml version='1.0' encoding='utf-8' standalone='yes' ?>
<map>
    <boolean name="measurement_enabled_from_api" value="true" />
    <long name="first_open_time" value="1762331303174" />
    <string name="gmp_app_id">1:732565920259:android:f6e58ab0ed20c3cd</string>
    <boolean name="measurement_enabled" value="true" />
    <string name="app_instance_id">27ef56f735daad595ea60d49c6c73781</string>
    <boolean name="has_been_opened" value="true" />
    <boolean name="app_backgrounded" value="true" />
    <boolean name="allow_remote_dynamite" value="true" />
    <long name="health_monitor:start" value="1762643873749" />
    <boolean name="use_service" value="true" />
    <boolean name="start_new_session" value="true" />
</map>
