<?xml version='1.0' encoding='utf-8' standalone='yes' ?>
<map>
    <long name="fire-count" value="1" />
    <string name="last-used-date">2025-11-14</string>
    <long name="fire-global" value="1763088975894" />
    <set name="fire-perf/20.3.1 android-installer/com.android.packageinstaller fire-core/20.3.2 fire-analytics/21.2.1 fire-cls/18.3.6 kotlin/1.7.20 fire-core-ktx/20.3.2 fire-db-ktx/20.1.0 fire-fcm/23.1.2 fire-abt/21.1.1 fire-android/35 device-model/raphael device-name/raphael fire-installations/17.1.3 fire-rc/21.3.0 android-platform/ android-min-sdk/21 fire-rtdb/20.1.0 fire-transport/18.1.7 device-brand/Xiaomi fire-perf-ktx/20.3.1 android-target-sdk/33 fire-gcs/20.1.0">
        <string>2025-11-14</string>
    </set>
</map>
