<?xml version='1.0' encoding='utf-8' standalone='yes' ?>
<map>
    <int name="num_failed_realtime_streams" value="0" />
    <long name="fetch_timeout_in_seconds" value="60" />
    <long name="realtime_backoff_end_time_in_millis" value="-1" />
    <long name="last_template_version" value="558" />
    <int name="last_fetch_status" value="-1" />
    <long name="minimum_fetch_interval_in_seconds" value="43200" />
    <string name="last_fetch_etag">etag-732565920259-firebase-fetch-1985609077</string>
    <long name="backoff_end_time_in_millis" value="-1" />
    <long name="last_fetch_time_in_millis" value="1762671159400" />
    <int name="num_failed_fetches" value="0" />
</map>
