<?xml version='1.0' encoding='utf-8' standalone='yes' ?>
<map>
    <string name="cancel">Cancel</string>
    <string name="download_for_download_complete">Waiting for other downloads to complete</string>
    <string name="go_live_text">GO LIVE</string>
    <string name="age_rated_text">RATED</string>
    <string name="select_video_quality">Select Video Quality</string>
    <string name="lg_select_quality_available_size_text">The available space on your device is</string>
    <string name="forward_text">forward</string>
    <string name="playing_next_content_auto_text">Playing Next</string>
    <string name="download_video">Download Video</string>
    <string name="drm_license_expiry_message">License of downloaded video has expired. Connect to internet and click on Retry</string>
    <string name="pip_dialog_info_text">This feature allows you to watch videos simultaneously while navigating between apps or browsing content on the main screen.</string>
    <string name="ad_close_popup_confirmation">Video will not be downloaded if you exit before the Ads are completed.&#10; Cancel Download?</string>
    <string name="free_text">Free</string>
    <string name="geo_blocked">Oops! This content is not available in your region.</string>
    <string name="connect_to_wifi">Please connect to wifi to download!</string>
    <string name="ACN_2412">{ &quot;Text&quot;:&quot;Sorry, you have reached the limit of concurrent premium content that can be watched on this account&quot;,&quot;Subtext&quot;:&quot;Please close other videos and try again&quot;,&quot;CTA&quot;:&quot;OK&quot;}</string>
    <string name="NOW_PLAYING">Now Playing</string>
    <string name="ACN_2411">{&quot;Text&quot;:&quot;Sorry, you have reached the limit of concurrent premium content that can be watched on this account.&quot;,&quot;Subtext&quot;:&quot;Please close other videos and try again or upgrade your plan&quot;,&quot;CTA&quot;:&quot;Upgrade&quot;,&quot;CTA1&quot;:&quot;Cancel&quot;}</string>
    <string name="free_preview_end_msg">You have consumed the free preview. &#10; Please sign in to continue watching premium content without any interruptions.</string>
    <string name="UHD">4K UHD</string>
    <string name="drm_license_acquisition_failure">Uh oh! We're not able to play this right now. Please try again.</string>
    <string name="next_video">Next Video &gt;</string>
    <string name="none_text">None</string>
    <string name="clear_all_downloads">Clear all downloads</string>
    <string name="resume_download_txt">Resume Download</string>
    <string name="season">Season</string>
    <string name="no_network">Please check you network connection.</string>
    <string name="next_video_text">Next video in </string>
    <string name="off_text">Off</string>
    <string name="no_free_preview_for_chromecast">Free preview content cannot be casted</string>
    <string name="my_downloads">My Downloads</string>
    <string name="edit">Edit</string>
    <string name="download_quality_edit_again">Download Again</string>
    <string name="videos_text">Videos</string>
    <string name="start_download">Start download</string>
    <string name="subtitle_audio">Subtitle &amp; Audio</string>
    <string name="watch_ads_and_download">Watch Ads and Start Download</string>
    <string name="watch_now">Watch Now</string>
    <string name="medium_quality_text">Standard</string>
    <string name="next_episode">Next Episode &gt;</string>
    <string name="delete_download">Delete Download</string>
    <string name="seek_value">10</string>
    <string name="enable_pip_message">Enable PictureInPicture from settings</string>
    <string name="ad_close_popup_confirmation_tab">Video will not be downloaded if you exit before the Ads are completed. Cancel Download?</string>
    <string name="lg_download_my_downloads_cancel_button_text">Cancel</string>
    <string name="download_clear_device_storage">Please clear your device storage to continue downloading</string>
    <string name="subtitle">Subtitle</string>
    <string name="stream_concurrency_close_cta">Close</string>
    <string name="mob_to_wifi_network_switching_message">It seems you are connected on WiFi. Should we increase the video quality to the highest?</string>
    <string name="pinch_on_text">Pinch on the screen to</string>
    <string name="change_download_preference">Change Download Preference</string>
    <string name="no_downloads_available_text">You haven’t downloaded any videos yet. Tap to download videos to watch offline.</string>
    <string name="watch_downloaded_videos">Watch downloaded videos</string>
    <string name="GO_PREMIUM">Go Premium</string>
    <string name="delete_from_downloads">Delete from Downloads</string>
    <string name="download_retry_download">Retry Download</string>
    <string name="generic_failure_message">Argh! Looks like something is not right. Please try again.</string>
    <string name="lg_download_my_downloads_page_button_string">Let's find you your favourite content to download now</string>
    <string name="pause_download_txt">Pause Download</string>
    <string name="url_not_reachabl_drm_license_or_asset_url">Uh oh! Looks like the title is not available.</string>
    <string name="retry_text">Retry</string>
    <string name="close_btn_text">Close</string>
    <string name="lg_select_quality_choose_text">Select the video quality and download it to watch offline.</string>
    <string name="start_download_btn">Start download</string>
    <string name="choose_quality">Please choose quality!</string>
    <string name="exo_durations">00:00:00</string>
    <string name="audio">Audio</string>
    <string name="next_episode_text">Next episode in </string>
    <string name="switched_network">Switched Network?</string>
    <string name="low_quality_info">Saves data but compromises on quality</string>
    <string name="age_rating">RATED </string>
    <string name="high_quality_info">Uses more storage</string>
    <string name="cancel_and_exit">Cancel and Exit</string>
    <string name="ACN_2408">{&quot;Text&quot;:&quot;Sorry, you have this content open in multiple tabs. Please close the tabs and try again&quot;,&quot;Subtext&quot;:&quot;Please close other videos and try again&quot;,&quot;CTA&quot;:&quot;OK&quot;}</string>
    <string name="continue_watching">Continue Watching</string>
    <string name="available_storage_text">3.26 GB available on your device</string>
    <string name="skip_intro">Skip Intro</string>
    <string name="404-10143">{ &quot;VOD&quot; : &quot;Sorry, This content is no longer available&quot;, &quot;LIVE&quot;: &quot;Sorry, The live streaming has ended and this content is no longer available&quot; }</string>
    <string name="ok_text">OK</string>
    <string name="replay_text">replay</string>
    <string name="ACN_2402">Please subscribe to watch this content</string>
    <string name="1st_party_data_rule_based_video_count_pending_text">videos left without sign-in</string>
    <string name="renew_license">Renew</string>
    <string name="SL0_NO_NETWORK_KEY">Network Disconnected</string>
    <string name="skip_credit_text_nextepisode">Next Episode</string>
    <string name="remove_download_txt">Remove Download</string>
    <string name="SL0_RECONNECTING_KEY">Reconnecting…</string>
    <string name="email_only_login">We are moving to email only logins</string>
    <string name="manage_storage">Manage Storage</string>
    <string name="player_error_title">Something wrong here</string>
    <string name="stream_concurrency_line1">The video is already being watched on other device(s) with your login</string>
    <string name="download_only_on_wifi">Download only on Wifi</string>
    <string name="stream_concurrency_line2">Please stop the video on other device to start watching here</string>
    <string name="upgrade_cta">Upgrade</string>
    <string name="download_setting">Select Download Settings</string>
    <string name="network_failure">Seems the internet connection is not stable</string>
    <string name="download_queued_icon">Queued</string>
    <string name="control_text_color">#ffffff</string>
    <string name="settings_title">Video Quality</string>
    <string name="chromecast_connection_failure">Something went wrong, please try again</string>
    <string name="lg_download_my_download_empty_list_text">Your download list is empty</string>
    <string name="no_videos_downloaded">No videos downloaded</string>
    <string name="waiting_for_wifi">Waiting for WiFi</string>
    <string name="sign_in">Sign In</string>
    <string name="settings">Settings</string>
    <string name="renew_message">Your Drm content has expired. Renew?</string>
    <string name="renew_subscription_to_watch_msg">Renew Subscription to watch</string>
    <string name="stream_concurrency_tryagain_cta">Try again</string>
    <string name="player_error_description">Sorry, we are having some technicial issues</string>
    <string name="age_rating_subtext">Strong Language . Violence</string>
    <string name="download_on_mobile_data">Download on Mobile Data?</string>
    <string name="offline_msg">You are offline</string>
    <string name="access_revocation_msg">You do not have the required permissions to watch this video</string>
    <string name="link_email_txt">Please link your email ID to continue using your account</string>
    <string name="cancel_download_txt">Cancel Download</string>
    <string name="done">Done</string>
    <string name="medium_quality_info">Downloads faster and uses less storage</string>
    <string name="downloaded">Downloaded</string>
    <string name="control_action_text_color">#ffc900</string>
    <string name="no_network_renewal">Please connect to the internet to renew your DRM content.</string>
    <string name="pip_free_preview_end">Free preview ended, return to the app to continue</string>
    <string name="download_paused">Download Paused</string>
    <string name="already_member">Already Premium Member?</string>
    <string name="auto_text">Auto</string>
    <string name="video_performance">Video Performance</string>
    <string name="audiolanguage_title">Audio Languages</string>
    <string name="pip_end_of_entitled_video">Return to the app to continue watching</string>
    <string name="preview">Free Preview </string>
    <string name="allow">Allow</string>
    <string name="1st_party_data_rule_based_video_count_pending_cta">Sign In</string>
    <string name="in_progress_state_msg_on_popup">Download is in progress</string>
    <string name="renew_subscription_to_download_again_msg">Renew Subscription to download again</string>
    <string name="free_preview">Free Preview</string>
    <string name="find_something_to_download_text">Find something to download</string>
    <string name="download_video_expires">Downloaded video expires in &amp;days</string>
    <string name="picture_in_picture_mode">Picture in Picture Mode</string>
    <string name="content_corrupt_and_not_playable">This video is being stubborn and not loading right now. Please try again.</string>
    <string name="rewind_text">rewind</string>
    <string name="LIVE">LIVE</string>
    <string name="premium_title">PREMIUM</string>
    <string name="continue_text">Continue</string>
    <string name="premium_desc">Starting at 299/Mnth.</string>
    <string name="VIDEOQUALITY">Video Quality</string>
    <string name="zoomin_zoomout_text">zoom in/zoom out</string>
    <string name="low_quality_text">Data friendly</string>
    <string name="play_again_text">Watch Again</string>
    <string name="pip_mode_enabled">PIP Mode is already enabled</string>
    <string name="double_tap_left_text">Double tap on the left half of the screen to</string>
    <string name="skip_credit_text_nextmovie">Playing Next</string>
    <string name="adjust_download_quality_preference">Adjust download quality preference here.</string>
    <string name="video_text">Video</string>
    <string name="downoad_device_storage_full">Device Storage Full</string>
    <string name="wifi_to_mob_network_switching_message">It seems you are connected on your mobile data. Should we adjust the video quality accordingly?</string>
    <string name="subscribe">Subscribe</string>
    <string name="view_all_downloads">View all Downloads</string>
    <string name="download_expiry_toast_text">The downloaded video will expire in </string>
    <string name="preference_remember_msg">We will remember your setting. You can change it anytime from Download Preference.</string>
    <string name="wifi_switch_text">Download on Wifi only</string>
    <string name="link_email">Link your email now</string>
    <string name="double_tap_right_text">Double tap on the right half of the screen to</string>
    <string name="rooted_device_toast_message">Not Supported for Rooted Device</string>
    <string name="download_on_mobile_data_msg">You have set your preference to download only on Wifi.</string>
    <string name="high_quality_text">Higher</string>
    <string name="find_more_btn_text">Find more to download</string>
    <string name="DataSaver">Data Saver</string>
    <string name="playback_api_failure_message">Uh oh! Looks like something is not right. Please try again.</string>
    <string name="FULL_HD">Full HD</string>
</map>
