<?xml version='1.0' encoding='utf-8' standalone='yes' ?>
<map>
    <string name="ict_date:__de1c8d0dd2c243a7bf9201cdfded3720:48K-8WW-754Z">06112025</string>
    <string name="deviceId:48K-8WW-754Z">__de1c8d0dd2c243a7bf9201cdfded3720</string>
    <int name="lastSessionId:48K-8WW-754Z" value="1762453492" />
    <boolean name="NetworkInfo:48K-8WW-754Z" value="true" />
    <string name="fcm_token:48K-8WW-754Z">doif5WRH8pNZPoV5AWfGeH:APA91bEdjB7BqZfp6XCO0iEXN_70eGVuw6koBKlqIgCwbWqFuEEaAgmFkfM5nevVz_Z0YPT_LNE92_UIhugo-rHen56XrQg-ulJ7KEHRt0ZeQZb0JDeaIj0</string>
    <boolean name="OptOut:__de1c8d0dd2c243a7bf9201cdfded3720:48K-8WW-754Z" value="false" />
    <string name="comms_dmn:48K-8WW-754Z">eu1.clevertap-prod.com</string>
    <int name="comms_last_ts:48K-8WW-754Z" value="1762453497" />
    <int name="comms_first_ts:48K-8WW-754Z" value="1758550662" />
    <int name="local_in_app_count" value="1" />
    <int name="sexe:48K-8WW-754Z" value="1762453500" />
    <int name="comms_mtd:48K-8WW-754Z" value="0" />
    <int name="pfjobid" value="238148191" />
    <string name="instance:48K-8WW-754Z">{&quot;accountId&quot;:&quot;48K-8WW-754Z&quot;,&quot;accountToken&quot;:&quot;00b-3b4&quot;,&quot;fcmSenderId&quot;:&quot;732565920259&quot;,&quot;analyticsOnly&quot;:false,&quot;isDefaultInstance&quot;:true,&quot;useGoogleAdId&quot;:false,&quot;disableAppLaunchedEvent&quot;:false,&quot;personalization&quot;:true,&quot;debugLevel&quot;:0,&quot;createdPostAppLaunch&quot;:false,&quot;sslPinning&quot;:false,&quot;backgroundSync&quot;:true,&quot;getEnableCustomCleverTapId&quot;:false,&quot;beta&quot;:false,&quot;allowedPushTypes&quot;:[&quot;FCM&quot;,&quot;XPS&quot;,&quot;HPS&quot;,&quot;BPS&quot;,&quot;ADM&quot;],&quot;encryptionLevel&quot;:0}</string>
    <int name="istc_inapp:__de1c8d0dd2c243a7bf9201cdfded3720:48K-8WW-754Z" value="0" />
    <string name="comms_dmn_spiky:48K-8WW-754Z">eu1-spiky.clevertap-prod.com</string>
    <string name="SP_KEY_PROFILE_IDENTITIES:48K-8WW-754Z">Email,Identity</string>
    <string name="cachedGUIDsKey:48K-8WW-754Z">{&quot;Email_&quot;:&quot;__de1c8d0dd2c243a7bf9201cdfded3720&quot;,&quot;Identity_2212200527188662002&quot;:&quot;__de1c8d0dd2c243a7bf9201cdfded3720&quot;,&quot;Email_rakibmunshi721@gmail.com&quot;:&quot;__de1c8d0dd2c243a7bf9201cdfded3720&quot;}</string>
</map>
