<?xml version='1.0' encoding='utf-8' standalone='yes' ?>
<map>
    <string name="page_visit:48K-8WW-754Z">17|1758550660|1762453495</string>
    <string name="Notification Clicked:48K-8WW-754Z">1|1758550708|1758550708</string>
    <string name="App Launched:48K-8WW-754Z">2|1758550660|1762453492</string>
    <string name="user_age_gender_submit:48K-8WW-754Z">2|1758550669|1758550669</string>
    <string name="Notification Viewed:48K-8WW-754Z">1|1758550705|1758550705</string>
    <string name="disable_push_notification:48K-8WW-754Z">1|1758550704|1758550704</string>
</map>
