<?xml version='1.0' encoding='utf-8' standalone='yes' ?>
<map>
    <string name="page_visit:48K-8WW-754Z">9|1763195109|1763195138</string>
    <string name="Notification Clicked:48K-8WW-754Z">1|1763195141|1763195141</string>
    <string name="App Launched:48K-8WW-754Z">1|1763195109|1763195109</string>
    <string name="enable_push_notification:48K-8WW-754Z">1|1763195142|1763195142</string>
    <string name="Notification Viewed:48K-8WW-754Z">1|1763195139|1763195139</string>
    <string name="disable_push_notification:48K-8WW-754Z">1|1763195138|1763195138</string>
</map>
