<?xml version='1.0' encoding='utf-8' standalone='yes' ?>
<map>
    <string name="deviceId:48K-8WW-754Z">__1275083fbcfb4685803a74720b2be9b1</string>
    <int name="lastSessionId:48K-8WW-754Z" value="1762860705" />
    <boolean name="NetworkInfo:48K-8WW-754Z" value="true" />
    <string name="fcm_token:48K-8WW-754Z">cGPWlzleRqaUaHtaV2nbxM:APA91bFBYFVAS9mleDOBUSO2yBddi4Ng-K6rlZYApLBxrRDivVhU0LoGBpgiEiqlUAOov5NDW_YlAQLW8QMZ0uAicdlc0erCBySkXbSsEevJNfvyrWY0lRU</string>
    <string name="comms_dmn:48K-8WW-754Z">eu1.clevertap-prod.com</string>
    <int name="comms_last_ts:48K-8WW-754Z" value="1762860733" />
    <int name="comms_first_ts:48K-8WW-754Z" value="1762860707" />
    <int name="local_in_app_count" value="1" />
    <string name="ict_date:__1275083fbcfb4685803a74720b2be9b1:48K-8WW-754Z">11112025</string>
    <int name="sexe:48K-8WW-754Z" value="1762860734" />
    <int name="comms_mtd:48K-8WW-754Z" value="0" />
    <int name="istc_inapp:__1275083fbcfb4685803a74720b2be9b1:48K-8WW-754Z" value="0" />
    <int name="pfjobid" value="238148191" />
    <string name="instance:48K-8WW-754Z">{&quot;accountId&quot;:&quot;48K-8WW-754Z&quot;,&quot;accountToken&quot;:&quot;00b-3b4&quot;,&quot;fcmSenderId&quot;:&quot;732565920259&quot;,&quot;analyticsOnly&quot;:false,&quot;isDefaultInstance&quot;:true,&quot;useGoogleAdId&quot;:false,&quot;disableAppLaunchedEvent&quot;:false,&quot;personalization&quot;:true,&quot;debugLevel&quot;:0,&quot;createdPostAppLaunch&quot;:false,&quot;sslPinning&quot;:false,&quot;backgroundSync&quot;:true,&quot;getEnableCustomCleverTapId&quot;:false,&quot;beta&quot;:false,&quot;allowedPushTypes&quot;:[&quot;FCM&quot;,&quot;XPS&quot;,&quot;HPS&quot;,&quot;BPS&quot;,&quot;ADM&quot;]}</string>
    <boolean name="OptOut:__1275083fbcfb4685803a74720b2be9b1:48K-8WW-754Z" value="false" />
    <string name="comms_dmn_spiky:48K-8WW-754Z">eu1-spiky.clevertap-prod.com</string>
    <string name="SP_KEY_PROFILE_IDENTITIES:48K-8WW-754Z">Email,Identity</string>
    <string name="cachedGUIDsKey:48K-8WW-754Z">{&quot;Email_&quot;:&quot;__1275083fbcfb4685803a74720b2be9b1&quot;,&quot;Identity_2108210619201414897&quot;:&quot;__1275083fbcfb4685803a74720b2be9b1&quot;}</string>
</map>
