<?xml version='1.0' encoding='utf-8' standalone='yes' ?>
<map>
    <int name="istc_inapp:__c3071663630040f2bed8daa571128856:48K-8WW-754Z" value="0" />
    <string name="deviceId:48K-8WW-754Z">__c3071663630040f2bed8daa571128856</string>
    <int name="lastSessionId:48K-8WW-754Z" value="1763242570" />
    <boolean name="NetworkInfo:48K-8WW-754Z" value="true" />
    <string name="fcm_token:48K-8WW-754Z">dU3GrOXpTaOtqnsksGFetd:APA91bHvG6DBA-uxJRGOO8P3qKVGLXrFwl-k4FR6gJoohmnGlADEzXGMXxcR84mc47vD04olS85WNRqJyiFK0QFs-20wNHTKZZjt3ESFsG1PHgUSbyU6ohM</string>
    <boolean name="OptOut:__c3071663630040f2bed8daa571128856:48K-8WW-754Z" value="false" />
    <string name="comms_dmn:48K-8WW-754Z">eu1.clevertap-prod.com</string>
    <int name="comms_last_ts:48K-8WW-754Z" value="1763242601" />
    <int name="comms_first_ts:48K-8WW-754Z" value="1763242571" />
    <string name="ict_date:__c3071663630040f2bed8daa571128856:48K-8WW-754Z">16112025</string>
    <int name="sexe:48K-8WW-754Z" value="1763242602" />
    <int name="comms_mtd:48K-8WW-754Z" value="0" />
    <int name="pfjobid" value="238148191" />
    <string name="instance:48K-8WW-754Z">{&quot;accountId&quot;:&quot;48K-8WW-754Z&quot;,&quot;accountToken&quot;:&quot;00b-3b4&quot;,&quot;fcmSenderId&quot;:&quot;732565920259&quot;,&quot;analyticsOnly&quot;:false,&quot;isDefaultInstance&quot;:true,&quot;useGoogleAdId&quot;:false,&quot;disableAppLaunchedEvent&quot;:false,&quot;personalization&quot;:true,&quot;debugLevel&quot;:0,&quot;createdPostAppLaunch&quot;:false,&quot;sslPinning&quot;:false,&quot;backgroundSync&quot;:true,&quot;getEnableCustomCleverTapId&quot;:false,&quot;beta&quot;:false,&quot;allowedPushTypes&quot;:[&quot;FCM&quot;,&quot;XPS&quot;,&quot;HPS&quot;,&quot;BPS&quot;,&quot;ADM&quot;]}</string>
    <string name="comms_dmn_spiky:48K-8WW-754Z">eu1-spiky.clevertap-prod.com</string>
    <string name="SP_KEY_PROFILE_IDENTITIES:48K-8WW-754Z">Email,Identity</string>
    <string name="cachedGUIDsKey:48K-8WW-754Z">{&quot;Email_&quot;:&quot;__c3071663630040f2bed8daa571128856&quot;,&quot;Identity_2108210619201414897&quot;:&quot;__c3071663630040f2bed8daa571128856&quot;}</string>
</map>
