<?xml version='1.0' encoding='utf-8' standalone='yes' ?>
<map>
    <string name="deviceId:48K-8WW-754Z">__0fc9053fec254adfa336de2efd8f3d14</string>
    <int name="lastSessionId:48K-8WW-754Z" value="1762671342" />
    <boolean name="NetworkInfo:48K-8WW-754Z" value="true" />
    <string name="fcm_token:48K-8WW-754Z">d3bwpnrfRaSVCjjnpUpZ_n:APA91bGG6rkEk8_kSoI6Kftx8IstHOYhpUpN2yCP8gI-Kjmb6A17DSVfuxrscSjKI9xdAER0CbH7z6luqmsvJQ6iMpoad9tGEmAyjdLT2WEoohtveMTRTGA</string>
    <int name="istc_inapp:__0fc9053fec254adfa336de2efd8f3d14:48K-8WW-754Z" value="1" />
    <string name="comms_dmn:48K-8WW-754Z">eu1.clevertap-prod.com</string>
    <int name="comms_last_ts:48K-8WW-754Z" value="1762671348" />
    <int name="comms_first_ts:48K-8WW-754Z" value="1762671160" />
    <int name="imc:__0fc9053fec254adfa336de2efd8f3d14:48K-8WW-754Z" value="5" />
    <int name="istmcd_inapp:__0fc9053fec254adfa336de2efd8f3d14:48K-8WW-754Z" value="10" />
    <int name="sexe:48K-8WW-754Z" value="1762671348" />
    <int name="comms_mtd:48K-8WW-754Z" value="0" />
    <string name="ict_date:__0fc9053fec254adfa336de2efd8f3d14:48K-8WW-754Z">09112025</string>
    <int name="pfjobid" value="238148191" />
    <string name="instance:48K-8WW-754Z">{&quot;accountId&quot;:&quot;48K-8WW-754Z&quot;,&quot;accountToken&quot;:&quot;00b-3b4&quot;,&quot;fcmSenderId&quot;:&quot;732565920259&quot;,&quot;analyticsOnly&quot;:false,&quot;isDefaultInstance&quot;:true,&quot;useGoogleAdId&quot;:false,&quot;disableAppLaunchedEvent&quot;:false,&quot;personalization&quot;:true,&quot;debugLevel&quot;:0,&quot;createdPostAppLaunch&quot;:false,&quot;sslPinning&quot;:false,&quot;backgroundSync&quot;:true,&quot;getEnableCustomCleverTapId&quot;:false,&quot;beta&quot;:false,&quot;allowedPushTypes&quot;:[&quot;FCM&quot;,&quot;XPS&quot;,&quot;HPS&quot;,&quot;BPS&quot;,&quot;ADM&quot;],&quot;encryptionLevel&quot;:0}</string>
    <boolean name="OptOut:__0fc9053fec254adfa336de2efd8f3d14:48K-8WW-754Z" value="false" />
    <string name="inApp:48K-8WW-754Z">[]</string>
    <string name="comms_dmn_spiky:48K-8WW-754Z">eu1-spiky.clevertap-prod.com</string>
    <string name="SP_KEY_PROFILE_IDENTITIES:48K-8WW-754Z">Email,Identity</string>
    <string name="cachedGUIDsKey:48K-8WW-754Z">{&quot;Email_&quot;:&quot;__0fc9053fec254adfa336de2efd8f3d14&quot;,&quot;Identity_2212200527188662002&quot;:&quot;__0fc9053fec254adfa336de2efd8f3d14&quot;,&quot;Email_rakibmunshi721@gmail.com&quot;:&quot;__0fc9053fec254adfa336de2efd8f3d14&quot;}</string>
</map>
