<?xml version='1.0' encoding='utf-8' standalone='yes' ?>
<map>
    <boolean name="OptOut:__99a899b799664a59b937f04951d0f40c:48K-8WW-754Z" value="false" />
    <string name="deviceId:48K-8WW-754Z">__99a899b799664a59b937f04951d0f40c</string>
    <string name="pfworkid">48K-8WW-754Z</string>
    <int name="lastSessionId:48K-8WW-754Z" value="1762643873" />
    <string name="fcm_token:48K-8WW-754Z">dsjiNZnGTAOR_1-vU025jQ:APA91bGjkJU3RcbBKVbpq8JUG5_DMC9zG5EWzvCTaSlcQxerQYK0p2vHPvzFhZISUKlRCaLHZ4JOHLM7UhiVhPT0l9lf3_JGgZVYiyRxsqxzqa58hzbU6_w</string>
    <boolean name="NetworkInfo:48K-8WW-754Z" value="true" />
    <int name="imc:__99a899b799664a59b937f04951d0f40c:48K-8WW-754Z" value="5" />
    <string name="ict_date:__99a899b799664a59b937f04951d0f40c:48K-8WW-754Z">09112025</string>
    <string name="comms_dmn:48K-8WW-754Z">eu1.clevertap-prod.com</string>
    <int name="comms_last_ts:48K-8WW-754Z" value="1762643877" />
    <int name="comms_first_ts:48K-8WW-754Z" value="1762331306" />
    <int name="sexe:48K-8WW-754Z" value="1762643879" />
    <int name="comms_mtd:48K-8WW-754Z" value="0" />
    <string name="instance:48K-8WW-754Z">{&quot;accountId&quot;:&quot;48K-8WW-754Z&quot;,&quot;accountToken&quot;:&quot;00b-3b4&quot;,&quot;fcmSenderId&quot;:&quot;732565920259&quot;,&quot;analyticsOnly&quot;:false,&quot;isDefaultInstance&quot;:true,&quot;useGoogleAdId&quot;:false,&quot;disableAppLaunchedEvent&quot;:false,&quot;personalization&quot;:true,&quot;debugLevel&quot;:0,&quot;createdPostAppLaunch&quot;:false,&quot;sslPinning&quot;:false,&quot;backgroundSync&quot;:true,&quot;getEnableCustomCleverTapId&quot;:false,&quot;beta&quot;:false,&quot;encryptionLevel&quot;:0}</string>
    <int name="istmcd_inapp:__99a899b799664a59b937f04951d0f40c:48K-8WW-754Z" value="10" />
    <string name="comms_dmn_spiky:48K-8WW-754Z">eu1-spiky.clevertap-prod.com</string>
    <string name="SP_KEY_PROFILE_IDENTITIES:48K-8WW-754Z">Email,Identity</string>
    <string name="cachedGUIDsKey:48K-8WW-754Z">{&quot;Email_&quot;:&quot;__99a899b799664a59b937f04951d0f40c&quot;,&quot;Identity_2301220523251760490&quot;:&quot;__99a899b799664a59b937f04951d0f40c&quot;}</string>
    <int name="istc_inapp:__99a899b799664a59b937f04951d0f40c:48K-8WW-754Z" value="0" />
    <long name="last_assets_cleanup" value="1762331306590" />
</map>
