{"Fid":"doif5WRH8pNZPoV5AWfGeH","Status":3,"AuthToken":"eyJhbGciOiJFUzI1NiIsInR5cCI6IkpXVCJ9.eyJhcHBJZCI6IjE6NzMyNTY1OTIwMjU5OmFuZHJvaWQ6ZjZlNThhYjBlZDIwYzNjZCIsImV4cCI6MTc2MzA1ODI5MywiZmlkIjoiZG9pZjVXUkg4cE5aUG9WNUFXZkdlSCIsInByb2plY3ROdW1iZXIiOjczMjU2NTkyMDI1OX0.AB2LPV8wRAIgEDCewEJEIyp3AGsm3lok-qSRxSWT0q51fuQJNEu-5RQCIGcsZOOoAVCyJ6rlYzLor28QY1pBGRiZjrlYPzL_9ScH","RefreshToken":"3_AS3qfwImBiG2hbuFwd8uuAMyP-XRrzjBi-6f5ba6yI3_GjoDOzwOs2auQ3Hh2-5ABx1UahSsX03fLBqxdjqkLXAJLBJ3MmVCw2r5sep03NHle6o","TokenCreationEpochInSecs":1762453492,"ExpiresInSecs":604800}