{"Fid":"cGPWlzleRqaUaHtaV2nbxM","Status":3,"AuthToken":"eyJhbGciOiJFUzI1NiIsInR5cCI6IkpXVCJ9.eyJhcHBJZCI6IjE6NzMyNTY1OTIwMjU5OmFuZHJvaWQ6ZjZlNThhYjBlZDIwYzNjZCIsImV4cCI6MTc2MzQ2NTUwNiwiZmlkIjoiY0dQV2x6bGVScWFVYUh0YVYybmJ4TSIsInByb2plY3ROdW1iZXIiOjczMjU2NTkyMDI1OX0.AB2LPV8wRAIgOmIcdh0xZqokWQgOXJT7SKhOzozXfXmIxfG1tpudDdgCIF-zXt156hPNrbaWPgl52-bt-rtoVtAmVmBI7XzFXlOI","RefreshToken":"3_AS3qfwIVgjkIbDndyV-N_dF72MnsArAwAEzoGDsq0g50HcInAs7RdYbksKix6613dg3hLl3edD1LQfU02ya1HA32oGBKK58buIF5QWA2_F5WCMo","TokenCreationEpochInSecs":1762860706,"ExpiresInSecs":604800}