{"Fid":"d3bwpnrfRaSVCjjnpUpZ_n","Status":3,"AuthToken":"eyJhbGciOiJFUzI1NiIsInR5cCI6IkpXVCJ9.eyJhcHBJZCI6IjE6NzMyNTY1OTIwMjU5OmFuZHJvaWQ6ZjZlNThhYjBlZDIwYzNjZCIsImV4cCI6MTc2MzI3NTk1OSwiZmlkIjoiZDNid3BucmZSYVNWQ2pqbnBVcFpfbiIsInByb2plY3ROdW1iZXIiOjczMjU2NTkyMDI1OX0.AB2LPV8wRQIhAMCJev5Ia5RoTTIMQjNm-sRTkVa4A4CXPWey2aRoNoRXAiBslRG-1IGEJhh-l4xRqt_k6LFEb0w9WSx0_c0ydlfFxA","RefreshToken":"3_AS3qfwKFxVfF4oSxDaBe2sD1nVGvBCCHDgdA8L5EK9zUvahnL7a7vMNwCyDtWUow3p3m4Ycteg3yozR1YcxLn_Ec_ExJ2bM07pVwkaVKpJZbV60","TokenCreationEpochInSecs":1762671159,"ExpiresInSecs":604800}