{"Fid":"dVs0ufxQRWWbNMBKYGKwHB","Status":3,"AuthToken":"eyJhbGciOiJFUzI1NiIsInR5cCI6IkpXVCJ9.eyJhcHBJZCI6IjE6NzMyNTY1OTIwMjU5OmFuZHJvaWQ6ZjZlNThhYjBlZDIwYzNjZCIsImV4cCI6MTc2Mzc5OTkwOSwiZmlkIjoiZFZzMHVmeFFSV1diTk1CS1lHS3dIQiIsInByb2plY3ROdW1iZXIiOjczMjU2NTkyMDI1OX0.AB2LPV8wRAIgePRx_lDq_s79I1FR5hkaU7HuRtjOEcEFOJ2gsy_WRKoCIHXujMKnbz6Ewwj3vCdyD7CmZT-rbwEs9ZtqRUG6ISIF","RefreshToken":"3_AS3qfwLpwK7IYNe7xx6ChZ7KJX7QnTtdRZhQqduz8bmXoVPKjRjSQIr7yyPR5XvkWabxk9TckLZ9RTtEh_wMdT6JIGl-uNKO5Zm3y1bTcJKW3xg","TokenCreationEpochInSecs":1763195110,"ExpiresInSecs":604800}