{"Fid":"cGP_IvSWRcqNP2FlbUNi0k","Status":3,"AuthToken":"eyJhbGciOiJFUzI1NiIsInR5cCI6IkpXVCJ9.eyJhcHBJZCI6IjE6NzMyNTY1OTIwMjU5OmFuZHJvaWQ6ZjZlNThhYjBlZDIwYzNjZCIsImV4cCI6MTc2MzY5Mzc3NywiZmlkIjoiY0dQX0l2U1dSY3FOUDJGbGJVTmkwayIsInByb2plY3ROdW1iZXIiOjczMjU2NTkyMDI1OX0.AB2LPV8wRQIgOAvMdvtdKY9cJUWoi28tt-YFWsRzQc9Z-wdAwAKIP2MCIQCM-DBvJuw-bnEeMlbeOOkke6BODOWx0NLHQf2rtax8_w","RefreshToken":"3_AS3qfwJOEUQOapfOdtaB2XyUGTS3OdiQ56zJr91IB16b8ktaN3RTjj5aiPOX3K9eO0vLr44ni8x-izFdUYR8l79VLm0j372sNzAONVA7ZvdN4Q","TokenCreationEpochInSecs":1763088977,"ExpiresInSecs":604800}