{"Fid":"dsjiNZnGTAOR_1-vU025jQ","Status":3,"AuthToken":"eyJhbGciOiJFUzI1NiIsInR5cCI6IkpXVCJ9.eyJhcHBJZCI6IjE6NzMyNTY1OTIwMjU5OmFuZHJvaWQ6ZjZlNThhYjBlZDIwYzNjZCIsImV4cCI6MTc2MjkzNjEwNSwiZmlkIjoiZHNqaU5abkdUQU9SXzEtdlUwMjVqUSIsInByb2plY3ROdW1iZXIiOjczMjU2NTkyMDI1OX0.AB2LPV8wRgIhALM7fCGIUhmjwzFdsoSCCEKrgcPtLhHImyfqcjgPcMnIAiEAgiSR2vRIvtBmPljWsC5nVXmYgVKx0874D4JhWFVGCTc","RefreshToken":"3_AS3qfwLtFI2yYHApqPg5I_wsWUGh7lG_jBP8lT5vttb2mXw4nhqx4-DH2tfTwFSNUCbW9lsrLcJ8YnVFhFgFapGgB3Nc4Dkj9RI8rWRpSmrgUA","TokenCreationEpochInSecs":1762331304,"ExpiresInSecs":604800}