{"Fid":"dU3GrOXpTaOtqnsksGFetd","Status":3,"AuthToken":"eyJhbGciOiJFUzI1NiIsInR5cCI6IkpXVCJ9.eyJhcHBJZCI6IjE6NzMyNTY1OTIwMjU5OmFuZHJvaWQ6ZjZlNThhYjBlZDIwYzNjZCIsImV4cCI6MTc2Mzg0NzM3MCwiZmlkIjoiZFUzR3JPWHBUYU90cW5za3NHRmV0ZCIsInByb2plY3ROdW1iZXIiOjczMjU2NTkyMDI1OX0.AB2LPV8wRAIgYy1_NTHPG56gmZQHOccVlnxQGLVa7tk3XXT8PDSbgFICIAVpHljyEoEsxB8JxwPoSSduX9mytOEZr-2Ek2Fa6p4m","RefreshToken":"3_AS3qfwJXww_qyS1hNLCQY3QviD7pvALvkMWAFwIjA8fWiNcrJFMSBue1gnRdVk1ASyRUJMx0QNomduVjFXJbA7c6cCX_T2eOSV3IMIazOfjddTU","TokenCreationEpochInSecs":1763242570,"ExpiresInSecs":604800}