{"Fid":"dDh-i0oBSB6lPsPQEiEE0a","Status":3,"AuthToken":"eyJhbGciOiJFUzI1NiIsInR5cCI6IkpXVCJ9.eyJhcHBJZCI6IjE6MzU0ODAwNjQ1MzI5OmFuZHJvaWQ6NGM2NjY0NGY4NDc1MTUwYiIsImV4cCI6MTc2Mjk3MjIwOSwiZmlkIjoiZERoLWkwb0JTQjZsUHNQUUVpRUUwYSIsInByb2plY3ROdW1iZXIiOjM1NDgwMDY0NTMyOX0.AB2LPV8wRgIhALGgPoNEoIzaoZa8VUweBo9lPMc3s-5kVgGc9tUmC9CGAiEAt22gFhtvoWvqiOg8hcZQtZXBboWFp2jHSajSv2cr59U","RefreshToken":"3_AS3qfwJjQQKggRytYDVtC5vSDBHrSVtafDeCgV2UY3pzkOjLoUmvR0J3F6cP4ofB5utu9LhY54JQtEuLNodhanYNukLwsksq_o21rskGfFDmc5I","TokenCreationEpochInSecs":1762367408,"ExpiresInSecs":604800}